"rid";"minLon";"minLat";"maxLon";"maxLat"
1;3;54.5;3.08990280777538;54.4100971922246
2;3.08999280057595;54.5;3.17989560835133;54.4100971922246
3;3.17998560115191;54.5;3.26988840892729;54.4100971922246
4;3.26997840172786;54.5;3.35988120950324;54.4100971922246
5;3.35997120230382;54.5;3.44987401007919;54.4100971922246
6;3.44996400287977;54.5;3.53986681065515;54.4100971922246
7;3.53995680345572;54.5;3.6298596112311;54.4100971922246
8;3.62994960403168;54.5;3.71985241180706;54.4100971922246
9;3.71994240460763;54.5;3.80984521238301;54.4100971922246
10;3.80993520518358;54.5;3.89983801295896;54.4100971922246
11;3.89992800575954;54.5;3.98983081353492;54.4100971922246
12;3.98992080633549;54.5;4.07982361411087;54.4100971922246
13;4.07991360691145;54.5;4.16981641468682;54.4100971922246
14;4.1699064074874;54.5;4.25980921526278;54.4100971922246
15;4.25989920806335;54.5;4.34980201583873;54.4100971922246
16;4.34989200863931;54.5;4.43979481641469;54.4100971922246
17;4.43988480921526;54.5;4.52978761699064;54.4100971922246
18;4.52987760979122;54.5;4.61978041756659;54.4100971922246
19;4.61987041036717;54.5;4.70977321814255;54.4100971922246
20;4.70986321094312;54.5;4.7997660187185;54.4100971922246
21;4.79985601151908;54.5;4.88975881929446;54.4100971922246
22;4.88984881209503;54.5;4.97975161987041;54.4100971922246
23;4.97984161267098;54.5;5.06974442044636;54.4100971922246
24;5.06983441324694;54.5;5.15973722102232;54.4100971922246
25;5.15982721382289;54.5;5.24973002159827;54.4100971922246
26;5.24982001439885;54.5;5.33972282217422;54.4100971922246
27;5.3398128149748;54.5;5.42971562275018;54.4100971922246
28;5.42980561555075;54.5;5.51970842332613;54.4100971922246
29;5.51979841612671;54.5;5.60970122390209;54.4100971922246
30;5.60979121670266;54.5;5.69969402447804;54.4100971922246
31;5.69978401727862;54.5;5.78968682505399;54.4100971922246
32;5.78977681785457;54.5;5.87967962562995;54.4100971922246
33;5.87976961843052;54.5;5.9696724262059;54.4100971922246
34;5.96976241900648;54.5;6.05966522678185;54.4100971922246
35;3;54.410007199424;3.08990280777538;54.3201043916487
36;3.08999280057595;54.410007199424;3.17989560835133;54.3201043916487
37;3.17998560115191;54.410007199424;3.26988840892729;54.3201043916487
38;3.26997840172786;54.410007199424;3.35988120950324;54.3201043916487
39;3.35997120230382;54.410007199424;3.44987401007919;54.3201043916487
40;3.44996400287977;54.410007199424;3.53986681065515;54.3201043916487
41;3.53995680345572;54.410007199424;3.6298596112311;54.3201043916487
42;3.62994960403168;54.410007199424;3.71985241180706;54.3201043916487
43;3.71994240460763;54.410007199424;3.80984521238301;54.3201043916487
44;3.80993520518358;54.410007199424;3.89983801295896;54.3201043916487
45;3.89992800575954;54.410007199424;3.98983081353492;54.3201043916487
46;3.98992080633549;54.410007199424;4.07982361411087;54.3201043916487
47;4.07991360691145;54.410007199424;4.16981641468682;54.3201043916487
48;4.1699064074874;54.410007199424;4.25980921526278;54.3201043916487
49;4.25989920806335;54.410007199424;4.34980201583873;54.3201043916487
50;4.34989200863931;54.410007199424;4.43979481641469;54.3201043916487
51;4.43988480921526;54.410007199424;4.52978761699064;54.3201043916487
52;4.52987760979122;54.410007199424;4.61978041756659;54.3201043916487
53;4.61987041036717;54.410007199424;4.70977321814255;54.3201043916487
54;4.70986321094312;54.410007199424;4.7997660187185;54.3201043916487
55;4.79985601151908;54.410007199424;4.88975881929446;54.3201043916487
56;4.88984881209503;54.410007199424;4.97975161987041;54.3201043916487
57;4.97984161267098;54.410007199424;5.06974442044636;54.3201043916487
58;5.06983441324694;54.410007199424;5.15973722102232;54.3201043916487
59;5.15982721382289;54.410007199424;5.24973002159827;54.3201043916487
60;5.24982001439885;54.410007199424;5.33972282217422;54.3201043916487
61;5.3398128149748;54.410007199424;5.42971562275018;54.3201043916487
62;5.42980561555075;54.410007199424;5.51970842332613;54.3201043916487
63;5.51979841612671;54.410007199424;5.60970122390209;54.3201043916487
64;5.60979121670266;54.410007199424;5.69969402447804;54.3201043916487
65;5.69978401727862;54.410007199424;5.78968682505399;54.3201043916487
66;5.78977681785457;54.410007199424;5.87967962562995;54.3201043916487
67;5.87976961843052;54.410007199424;5.9696724262059;54.3201043916487
68;5.96976241900648;54.410007199424;6.05966522678185;54.3201043916487
69;3;54.3200143988481;3.08990280777538;54.2301115910727
70;3.08999280057595;54.3200143988481;3.17989560835133;54.2301115910727
71;3.17998560115191;54.3200143988481;3.26988840892729;54.2301115910727
72;3.26997840172786;54.3200143988481;3.35988120950324;54.2301115910727
73;3.35997120230382;54.3200143988481;3.44987401007919;54.2301115910727
74;3.44996400287977;54.3200143988481;3.53986681065515;54.2301115910727
75;3.53995680345572;54.3200143988481;3.6298596112311;54.2301115910727
76;3.62994960403168;54.3200143988481;3.71985241180706;54.2301115910727
77;3.71994240460763;54.3200143988481;3.80984521238301;54.2301115910727
78;3.80993520518358;54.3200143988481;3.89983801295896;54.2301115910727
79;3.89992800575954;54.3200143988481;3.98983081353492;54.2301115910727
80;3.98992080633549;54.3200143988481;4.07982361411087;54.2301115910727
81;4.07991360691145;54.3200143988481;4.16981641468682;54.2301115910727
82;4.1699064074874;54.3200143988481;4.25980921526278;54.2301115910727
83;4.25989920806335;54.3200143988481;4.34980201583873;54.2301115910727
84;4.34989200863931;54.3200143988481;4.43979481641469;54.2301115910727
85;4.43988480921526;54.3200143988481;4.52978761699064;54.2301115910727
86;4.52987760979122;54.3200143988481;4.61978041756659;54.2301115910727
87;4.61987041036717;54.3200143988481;4.70977321814255;54.2301115910727
88;4.70986321094312;54.3200143988481;4.7997660187185;54.2301115910727
89;4.79985601151908;54.3200143988481;4.88975881929446;54.2301115910727
90;4.88984881209503;54.3200143988481;4.97975161987041;54.2301115910727
91;4.97984161267098;54.3200143988481;5.06974442044636;54.2301115910727
92;5.06983441324694;54.3200143988481;5.15973722102232;54.2301115910727
93;5.15982721382289;54.3200143988481;5.24973002159827;54.2301115910727
94;5.24982001439885;54.3200143988481;5.33972282217422;54.2301115910727
95;5.3398128149748;54.3200143988481;5.42971562275018;54.2301115910727
96;5.42980561555075;54.3200143988481;5.51970842332613;54.2301115910727
97;5.51979841612671;54.3200143988481;5.60970122390209;54.2301115910727
98;5.60979121670266;54.3200143988481;5.69969402447804;54.2301115910727
99;5.69978401727862;54.3200143988481;5.78968682505399;54.2301115910727
100;5.78977681785457;54.3200143988481;5.87967962562995;54.2301115910727
101;5.87976961843052;54.3200143988481;5.9696724262059;54.2301115910727
102;5.96976241900648;54.3200143988481;6.05966522678185;54.2301115910727
103;3;54.2300215982721;3.08990280777538;54.1401187904968
104;3.08999280057595;54.2300215982721;3.17989560835133;54.1401187904968
105;3.17998560115191;54.2300215982721;3.26988840892729;54.1401187904968
106;3.26997840172786;54.2300215982721;3.35988120950324;54.1401187904968
107;3.35997120230382;54.2300215982721;3.44987401007919;54.1401187904968
108;3.44996400287977;54.2300215982721;3.53986681065515;54.1401187904968
109;3.53995680345572;54.2300215982721;3.6298596112311;54.1401187904968
110;3.62994960403168;54.2300215982721;3.71985241180706;54.1401187904968
111;3.71994240460763;54.2300215982721;3.80984521238301;54.1401187904968
112;3.80993520518358;54.2300215982721;3.89983801295896;54.1401187904968
113;3.89992800575954;54.2300215982721;3.98983081353492;54.1401187904968
114;3.98992080633549;54.2300215982721;4.07982361411087;54.1401187904968
115;4.07991360691145;54.2300215982721;4.16981641468682;54.1401187904968
116;4.1699064074874;54.2300215982721;4.25980921526278;54.1401187904968
117;4.25989920806335;54.2300215982721;4.34980201583873;54.1401187904968
118;4.34989200863931;54.2300215982721;4.43979481641469;54.1401187904968
119;4.43988480921526;54.2300215982721;4.52978761699064;54.1401187904968
120;4.52987760979122;54.2300215982721;4.61978041756659;54.1401187904968
121;4.61987041036717;54.2300215982721;4.70977321814255;54.1401187904968
122;4.70986321094312;54.2300215982721;4.7997660187185;54.1401187904968
123;4.79985601151908;54.2300215982721;4.88975881929446;54.1401187904968
124;4.88984881209503;54.2300215982721;4.97975161987041;54.1401187904968
125;4.97984161267098;54.2300215982721;5.06974442044636;54.1401187904968
126;5.06983441324694;54.2300215982721;5.15973722102232;54.1401187904968
127;5.15982721382289;54.2300215982721;5.24973002159827;54.1401187904968
128;5.24982001439885;54.2300215982721;5.33972282217422;54.1401187904968
129;5.3398128149748;54.2300215982721;5.42971562275018;54.1401187904968
130;5.42980561555075;54.2300215982721;5.51970842332613;54.1401187904968
131;5.51979841612671;54.2300215982721;5.60970122390209;54.1401187904968
132;5.60979121670266;54.2300215982721;5.69969402447804;54.1401187904968
133;5.69978401727862;54.2300215982721;5.78968682505399;54.1401187904968
134;5.78977681785457;54.2300215982721;5.87967962562995;54.1401187904968
135;5.87976961843052;54.2300215982721;5.9696724262059;54.1401187904968
136;5.96976241900648;54.2300215982721;6.05966522678185;54.1401187904968
137;3;54.1400287976962;3.08990280777538;54.0501259899208
138;3.08999280057595;54.1400287976962;3.17989560835133;54.0501259899208
139;3.17998560115191;54.1400287976962;3.26988840892729;54.0501259899208
140;3.26997840172786;54.1400287976962;3.35988120950324;54.0501259899208
141;3.35997120230382;54.1400287976962;3.44987401007919;54.0501259899208
142;3.44996400287977;54.1400287976962;3.53986681065515;54.0501259899208
143;3.53995680345572;54.1400287976962;3.6298596112311;54.0501259899208
144;3.62994960403168;54.1400287976962;3.71985241180706;54.0501259899208
145;3.71994240460763;54.1400287976962;3.80984521238301;54.0501259899208
146;3.80993520518358;54.1400287976962;3.89983801295896;54.0501259899208
147;3.89992800575954;54.1400287976962;3.98983081353492;54.0501259899208
148;3.98992080633549;54.1400287976962;4.07982361411087;54.0501259899208
149;4.07991360691145;54.1400287976962;4.16981641468682;54.0501259899208
150;4.1699064074874;54.1400287976962;4.25980921526278;54.0501259899208
151;4.25989920806335;54.1400287976962;4.34980201583873;54.0501259899208
152;4.34989200863931;54.1400287976962;4.43979481641469;54.0501259899208
153;4.43988480921526;54.1400287976962;4.52978761699064;54.0501259899208
154;4.52987760979122;54.1400287976962;4.61978041756659;54.0501259899208
155;4.61987041036717;54.1400287976962;4.70977321814255;54.0501259899208
156;4.70986321094312;54.1400287976962;4.7997660187185;54.0501259899208
157;4.79985601151908;54.1400287976962;4.88975881929446;54.0501259899208
158;4.88984881209503;54.1400287976962;4.97975161987041;54.0501259899208
159;4.97984161267098;54.1400287976962;5.06974442044636;54.0501259899208
160;5.06983441324694;54.1400287976962;5.15973722102232;54.0501259899208
161;5.15982721382289;54.1400287976962;5.24973002159827;54.0501259899208
162;5.24982001439885;54.1400287976962;5.33972282217422;54.0501259899208
163;5.3398128149748;54.1400287976962;5.42971562275018;54.0501259899208
164;5.42980561555075;54.1400287976962;5.51970842332613;54.0501259899208
165;5.51979841612671;54.1400287976962;5.60970122390209;54.0501259899208
166;5.60979121670266;54.1400287976962;5.69969402447804;54.0501259899208
167;5.69978401727862;54.1400287976962;5.78968682505399;54.0501259899208
168;5.78977681785457;54.1400287976962;5.87967962562995;54.0501259899208
169;5.87976961843052;54.1400287976962;5.9696724262059;54.0501259899208
170;5.96976241900648;54.1400287976962;6.05966522678185;54.0501259899208
171;3;54.0500359971202;3.08990280777538;53.9601331893449
172;3.08999280057595;54.0500359971202;3.17989560835133;53.9601331893449
173;3.17998560115191;54.0500359971202;3.26988840892729;53.9601331893449
174;3.26997840172786;54.0500359971202;3.35988120950324;53.9601331893449
175;3.35997120230382;54.0500359971202;3.44987401007919;53.9601331893449
176;3.44996400287977;54.0500359971202;3.53986681065515;53.9601331893449
177;3.53995680345572;54.0500359971202;3.6298596112311;53.9601331893449
178;3.62994960403168;54.0500359971202;3.71985241180706;53.9601331893449
179;3.71994240460763;54.0500359971202;3.80984521238301;53.9601331893449
180;3.80993520518358;54.0500359971202;3.89983801295896;53.9601331893449
181;3.89992800575954;54.0500359971202;3.98983081353492;53.9601331893449
182;3.98992080633549;54.0500359971202;4.07982361411087;53.9601331893449
183;4.07991360691145;54.0500359971202;4.16981641468682;53.9601331893449
184;4.1699064074874;54.0500359971202;4.25980921526278;53.9601331893449
185;4.25989920806335;54.0500359971202;4.34980201583873;53.9601331893449
186;4.34989200863931;54.0500359971202;4.43979481641469;53.9601331893449
187;4.43988480921526;54.0500359971202;4.52978761699064;53.9601331893449
188;4.52987760979122;54.0500359971202;4.61978041756659;53.9601331893449
189;4.61987041036717;54.0500359971202;4.70977321814255;53.9601331893449
190;4.70986321094312;54.0500359971202;4.7997660187185;53.9601331893449
191;4.79985601151908;54.0500359971202;4.88975881929446;53.9601331893449
192;4.88984881209503;54.0500359971202;4.97975161987041;53.9601331893449
193;4.97984161267098;54.0500359971202;5.06974442044636;53.9601331893449
194;5.06983441324694;54.0500359971202;5.15973722102232;53.9601331893449
195;5.15982721382289;54.0500359971202;5.24973002159827;53.9601331893449
196;5.24982001439885;54.0500359971202;5.33972282217422;53.9601331893449
197;5.3398128149748;54.0500359971202;5.42971562275018;53.9601331893449
198;5.42980561555075;54.0500359971202;5.51970842332613;53.9601331893449
199;5.51979841612671;54.0500359971202;5.60970122390209;53.9601331893449
200;5.60979121670266;54.0500359971202;5.69969402447804;53.9601331893449
201;5.69978401727862;54.0500359971202;5.78968682505399;53.9601331893449
202;5.78977681785457;54.0500359971202;5.87967962562995;53.9601331893449
203;5.87976961843052;54.0500359971202;5.9696724262059;53.9601331893449
204;5.96976241900648;54.0500359971202;6.05966522678185;53.9601331893449
205;3;53.9600431965443;3.08990280777538;53.8701403887689
206;3.08999280057595;53.9600431965443;3.17989560835133;53.8701403887689
207;3.17998560115191;53.9600431965443;3.26988840892729;53.8701403887689
208;3.26997840172786;53.9600431965443;3.35988120950324;53.8701403887689
209;3.35997120230382;53.9600431965443;3.44987401007919;53.8701403887689
210;3.44996400287977;53.9600431965443;3.53986681065515;53.8701403887689
211;3.53995680345572;53.9600431965443;3.6298596112311;53.8701403887689
212;3.62994960403168;53.9600431965443;3.71985241180706;53.8701403887689
213;3.71994240460763;53.9600431965443;3.80984521238301;53.8701403887689
214;3.80993520518358;53.9600431965443;3.89983801295896;53.8701403887689
215;3.89992800575954;53.9600431965443;3.98983081353492;53.8701403887689
216;3.98992080633549;53.9600431965443;4.07982361411087;53.8701403887689
217;4.07991360691145;53.9600431965443;4.16981641468682;53.8701403887689
218;4.1699064074874;53.9600431965443;4.25980921526278;53.8701403887689
219;4.25989920806335;53.9600431965443;4.34980201583873;53.8701403887689
220;4.34989200863931;53.9600431965443;4.43979481641469;53.8701403887689
221;4.43988480921526;53.9600431965443;4.52978761699064;53.8701403887689
222;4.52987760979122;53.9600431965443;4.61978041756659;53.8701403887689
223;4.61987041036717;53.9600431965443;4.70977321814255;53.8701403887689
224;4.70986321094312;53.9600431965443;4.7997660187185;53.8701403887689
225;4.79985601151908;53.9600431965443;4.88975881929446;53.8701403887689
226;4.88984881209503;53.9600431965443;4.97975161987041;53.8701403887689
227;4.97984161267098;53.9600431965443;5.06974442044636;53.8701403887689
228;5.06983441324694;53.9600431965443;5.15973722102232;53.8701403887689
229;5.15982721382289;53.9600431965443;5.24973002159827;53.8701403887689
230;5.24982001439885;53.9600431965443;5.33972282217422;53.8701403887689
231;5.3398128149748;53.9600431965443;5.42971562275018;53.8701403887689
232;5.42980561555075;53.9600431965443;5.51970842332613;53.8701403887689
233;5.51979841612671;53.9600431965443;5.60970122390209;53.8701403887689
234;5.60979121670266;53.9600431965443;5.69969402447804;53.8701403887689
235;5.69978401727862;53.9600431965443;5.78968682505399;53.8701403887689
236;5.78977681785457;53.9600431965443;5.87967962562995;53.8701403887689
237;5.87976961843052;53.9600431965443;5.9696724262059;53.8701403887689
238;5.96976241900648;53.9600431965443;6.05966522678185;53.8701403887689
239;3;53.8700503959683;3.08990280777538;53.7801475881929
240;3.08999280057595;53.8700503959683;3.17989560835133;53.7801475881929
241;3.17998560115191;53.8700503959683;3.26988840892729;53.7801475881929
242;3.26997840172786;53.8700503959683;3.35988120950324;53.7801475881929
243;3.35997120230382;53.8700503959683;3.44987401007919;53.7801475881929
244;3.44996400287977;53.8700503959683;3.53986681065515;53.7801475881929
245;3.53995680345572;53.8700503959683;3.6298596112311;53.7801475881929
246;3.62994960403168;53.8700503959683;3.71985241180706;53.7801475881929
247;3.71994240460763;53.8700503959683;3.80984521238301;53.7801475881929
248;3.80993520518358;53.8700503959683;3.89983801295896;53.7801475881929
249;3.89992800575954;53.8700503959683;3.98983081353492;53.7801475881929
250;3.98992080633549;53.8700503959683;4.07982361411087;53.7801475881929
251;4.07991360691145;53.8700503959683;4.16981641468682;53.7801475881929
252;4.1699064074874;53.8700503959683;4.25980921526278;53.7801475881929
253;4.25989920806335;53.8700503959683;4.34980201583873;53.7801475881929
254;4.34989200863931;53.8700503959683;4.43979481641469;53.7801475881929
255;4.43988480921526;53.8700503959683;4.52978761699064;53.7801475881929
256;4.52987760979122;53.8700503959683;4.61978041756659;53.7801475881929
257;4.61987041036717;53.8700503959683;4.70977321814255;53.7801475881929
258;4.70986321094312;53.8700503959683;4.7997660187185;53.7801475881929
259;4.79985601151908;53.8700503959683;4.88975881929446;53.7801475881929
260;4.88984881209503;53.8700503959683;4.97975161987041;53.7801475881929
261;4.97984161267098;53.8700503959683;5.06974442044636;53.7801475881929
262;5.06983441324694;53.8700503959683;5.15973722102232;53.7801475881929
263;5.15982721382289;53.8700503959683;5.24973002159827;53.7801475881929
264;5.24982001439885;53.8700503959683;5.33972282217422;53.7801475881929
265;5.3398128149748;53.8700503959683;5.42971562275018;53.7801475881929
266;5.42980561555075;53.8700503959683;5.51970842332613;53.7801475881929
267;5.51979841612671;53.8700503959683;5.60970122390209;53.7801475881929
268;5.60979121670266;53.8700503959683;5.69969402447804;53.7801475881929
269;5.69978401727862;53.8700503959683;5.78968682505399;53.7801475881929
270;5.78977681785457;53.8700503959683;5.87967962562995;53.7801475881929
271;5.87976961843052;53.8700503959683;5.9696724262059;53.7801475881929
272;5.96976241900648;53.8700503959683;6.05966522678185;53.7801475881929
273;3;53.7800575953924;3.08990280777538;53.690154787617
274;3.08999280057595;53.7800575953924;3.17989560835133;53.690154787617
275;3.17998560115191;53.7800575953924;3.26988840892729;53.690154787617
276;3.26997840172786;53.7800575953924;3.35988120950324;53.690154787617
277;3.35997120230382;53.7800575953924;3.44987401007919;53.690154787617
278;3.44996400287977;53.7800575953924;3.53986681065515;53.690154787617
279;3.53995680345572;53.7800575953924;3.6298596112311;53.690154787617
280;3.62994960403168;53.7800575953924;3.71985241180706;53.690154787617
281;3.71994240460763;53.7800575953924;3.80984521238301;53.690154787617
282;3.80993520518358;53.7800575953924;3.89983801295896;53.690154787617
283;3.89992800575954;53.7800575953924;3.98983081353492;53.690154787617
284;3.98992080633549;53.7800575953924;4.07982361411087;53.690154787617
285;4.07991360691145;53.7800575953924;4.16981641468682;53.690154787617
286;4.1699064074874;53.7800575953924;4.25980921526278;53.690154787617
287;4.25989920806335;53.7800575953924;4.34980201583873;53.690154787617
288;4.34989200863931;53.7800575953924;4.43979481641469;53.690154787617
289;4.43988480921526;53.7800575953924;4.52978761699064;53.690154787617
290;4.52987760979122;53.7800575953924;4.61978041756659;53.690154787617
291;4.61987041036717;53.7800575953924;4.70977321814255;53.690154787617
292;4.70986321094312;53.7800575953924;4.7997660187185;53.690154787617
293;4.79985601151908;53.7800575953924;4.88975881929446;53.690154787617
294;4.88984881209503;53.7800575953924;4.97975161987041;53.690154787617
295;4.97984161267098;53.7800575953924;5.06974442044636;53.690154787617
296;5.06983441324694;53.7800575953924;5.15973722102232;53.690154787617
297;5.15982721382289;53.7800575953924;5.24973002159827;53.690154787617
298;5.24982001439885;53.7800575953924;5.33972282217422;53.690154787617
299;5.3398128149748;53.7800575953924;5.42971562275018;53.690154787617
300;5.42980561555075;53.7800575953924;5.51970842332613;53.690154787617
301;5.51979841612671;53.7800575953924;5.60970122390209;53.690154787617
302;5.60979121670266;53.7800575953924;5.69969402447804;53.690154787617
303;5.69978401727862;53.7800575953924;5.78968682505399;53.690154787617
304;5.78977681785457;53.7800575953924;5.87967962562995;53.690154787617
305;5.87976961843052;53.7800575953924;5.9696724262059;53.690154787617
306;5.96976241900648;53.7800575953924;6.05966522678185;53.690154787617
307;3;53.6900647948164;3.08990280777538;53.600161987041
308;3.08999280057595;53.6900647948164;3.17989560835133;53.600161987041
309;3.17998560115191;53.6900647948164;3.26988840892729;53.600161987041
310;3.26997840172786;53.6900647948164;3.35988120950324;53.600161987041
311;3.35997120230382;53.6900647948164;3.44987401007919;53.600161987041
312;3.44996400287977;53.6900647948164;3.53986681065515;53.600161987041
313;3.53995680345572;53.6900647948164;3.6298596112311;53.600161987041
314;3.62994960403168;53.6900647948164;3.71985241180706;53.600161987041
315;3.71994240460763;53.6900647948164;3.80984521238301;53.600161987041
316;3.80993520518358;53.6900647948164;3.89983801295896;53.600161987041
317;3.89992800575954;53.6900647948164;3.98983081353492;53.600161987041
318;3.98992080633549;53.6900647948164;4.07982361411087;53.600161987041
319;4.07991360691145;53.6900647948164;4.16981641468682;53.600161987041
320;4.1699064074874;53.6900647948164;4.25980921526278;53.600161987041
321;4.25989920806335;53.6900647948164;4.34980201583873;53.600161987041
322;4.34989200863931;53.6900647948164;4.43979481641469;53.600161987041
323;4.43988480921526;53.6900647948164;4.52978761699064;53.600161987041
324;4.52987760979122;53.6900647948164;4.61978041756659;53.600161987041
325;4.61987041036717;53.6900647948164;4.70977321814255;53.600161987041
326;4.70986321094312;53.6900647948164;4.7997660187185;53.600161987041
327;4.79985601151908;53.6900647948164;4.88975881929446;53.600161987041
328;4.88984881209503;53.6900647948164;4.97975161987041;53.600161987041
329;4.97984161267098;53.6900647948164;5.06974442044636;53.600161987041
330;5.06983441324694;53.6900647948164;5.15973722102232;53.600161987041
331;5.15982721382289;53.6900647948164;5.24973002159827;53.600161987041
332;5.24982001439885;53.6900647948164;5.33972282217422;53.600161987041
333;5.3398128149748;53.6900647948164;5.42971562275018;53.600161987041
334;5.42980561555075;53.6900647948164;5.51970842332613;53.600161987041
335;5.51979841612671;53.6900647948164;5.60970122390209;53.600161987041
336;5.60979121670266;53.6900647948164;5.69969402447804;53.600161987041
337;5.69978401727862;53.6900647948164;5.78968682505399;53.600161987041
338;5.78977681785457;53.6900647948164;5.87967962562995;53.600161987041
339;5.87976961843052;53.6900647948164;5.9696724262059;53.600161987041
340;5.96976241900648;53.6900647948164;6.05966522678185;53.600161987041
341;3;53.6000719942405;3.08990280777538;53.5101691864651
342;3.08999280057595;53.6000719942405;3.17989560835133;53.5101691864651
343;3.17998560115191;53.6000719942405;3.26988840892729;53.5101691864651
344;3.26997840172786;53.6000719942405;3.35988120950324;53.5101691864651
345;3.35997120230382;53.6000719942405;3.44987401007919;53.5101691864651
346;3.44996400287977;53.6000719942405;3.53986681065515;53.5101691864651
347;3.53995680345572;53.6000719942405;3.6298596112311;53.5101691864651
348;3.62994960403168;53.6000719942405;3.71985241180706;53.5101691864651
349;3.71994240460763;53.6000719942405;3.80984521238301;53.5101691864651
350;3.80993520518358;53.6000719942405;3.89983801295896;53.5101691864651
351;3.89992800575954;53.6000719942405;3.98983081353492;53.5101691864651
352;3.98992080633549;53.6000719942405;4.07982361411087;53.5101691864651
353;4.07991360691145;53.6000719942405;4.16981641468682;53.5101691864651
354;4.1699064074874;53.6000719942405;4.25980921526278;53.5101691864651
355;4.25989920806335;53.6000719942405;4.34980201583873;53.5101691864651
356;4.34989200863931;53.6000719942405;4.43979481641469;53.5101691864651
357;4.43988480921526;53.6000719942405;4.52978761699064;53.5101691864651
358;4.52987760979122;53.6000719942405;4.61978041756659;53.5101691864651
359;4.61987041036717;53.6000719942405;4.70977321814255;53.5101691864651
360;4.70986321094312;53.6000719942405;4.7997660187185;53.5101691864651
361;4.79985601151908;53.6000719942405;4.88975881929446;53.5101691864651
362;4.88984881209503;53.6000719942405;4.97975161987041;53.5101691864651
363;4.97984161267098;53.6000719942405;5.06974442044636;53.5101691864651
364;5.06983441324694;53.6000719942405;5.15973722102232;53.5101691864651
365;5.15982721382289;53.6000719942405;5.24973002159827;53.5101691864651
366;5.24982001439885;53.6000719942405;5.33972282217422;53.5101691864651
367;5.3398128149748;53.6000719942405;5.42971562275018;53.5101691864651
368;5.42980561555075;53.6000719942405;5.51970842332613;53.5101691864651
369;5.51979841612671;53.6000719942405;5.60970122390209;53.5101691864651
370;5.60979121670266;53.6000719942405;5.69969402447804;53.5101691864651
371;5.69978401727862;53.6000719942405;5.78968682505399;53.5101691864651
372;5.78977681785457;53.6000719942405;5.87967962562995;53.5101691864651
373;5.87976961843052;53.6000719942405;5.9696724262059;53.5101691864651
374;5.96976241900648;53.6000719942405;6.05966522678185;53.5101691864651
375;3;53.5100791936645;3.08990280777538;53.4201763858891
376;3.08999280057595;53.5100791936645;3.17989560835133;53.4201763858891
377;3.17998560115191;53.5100791936645;3.26988840892729;53.4201763858891
378;3.26997840172786;53.5100791936645;3.35988120950324;53.4201763858891
379;3.35997120230382;53.5100791936645;3.44987401007919;53.4201763858891
380;3.44996400287977;53.5100791936645;3.53986681065515;53.4201763858891
381;3.53995680345572;53.5100791936645;3.6298596112311;53.4201763858891
382;3.62994960403168;53.5100791936645;3.71985241180706;53.4201763858891
383;3.71994240460763;53.5100791936645;3.80984521238301;53.4201763858891
384;3.80993520518358;53.5100791936645;3.89983801295896;53.4201763858891
385;3.89992800575954;53.5100791936645;3.98983081353492;53.4201763858891
386;3.98992080633549;53.5100791936645;4.07982361411087;53.4201763858891
387;4.07991360691145;53.5100791936645;4.16981641468682;53.4201763858891
388;4.1699064074874;53.5100791936645;4.25980921526278;53.4201763858891
389;4.25989920806335;53.5100791936645;4.34980201583873;53.4201763858891
390;4.34989200863931;53.5100791936645;4.43979481641469;53.4201763858891
391;4.43988480921526;53.5100791936645;4.52978761699064;53.4201763858891
392;4.52987760979122;53.5100791936645;4.61978041756659;53.4201763858891
393;4.61987041036717;53.5100791936645;4.70977321814255;53.4201763858891
394;4.70986321094312;53.5100791936645;4.7997660187185;53.4201763858891
395;4.79985601151908;53.5100791936645;4.88975881929446;53.4201763858891
396;4.88984881209503;53.5100791936645;4.97975161987041;53.4201763858891
397;4.97984161267098;53.5100791936645;5.06974442044636;53.4201763858891
398;5.06983441324694;53.5100791936645;5.15973722102232;53.4201763858891
399;5.15982721382289;53.5100791936645;5.24973002159827;53.4201763858891
400;5.24982001439885;53.5100791936645;5.33972282217422;53.4201763858891
401;5.3398128149748;53.5100791936645;5.42971562275018;53.4201763858891
402;5.42980561555075;53.5100791936645;5.51970842332613;53.4201763858891
403;5.51979841612671;53.5100791936645;5.60970122390209;53.4201763858891
404;5.60979121670266;53.5100791936645;5.69969402447804;53.4201763858891
405;5.69978401727862;53.5100791936645;5.78968682505399;53.4201763858891
406;5.78977681785457;53.5100791936645;5.87967962562995;53.4201763858891
407;5.87976961843052;53.5100791936645;5.9696724262059;53.4201763858891
408;5.96976241900648;53.5100791936645;6.05966522678185;53.4201763858891
409;3;53.4200863930886;3.08990280777538;53.3301835853132
410;3.08999280057595;53.4200863930886;3.17989560835133;53.3301835853132
411;3.17998560115191;53.4200863930886;3.26988840892729;53.3301835853132
412;3.26997840172786;53.4200863930886;3.35988120950324;53.3301835853132
413;3.35997120230382;53.4200863930886;3.44987401007919;53.3301835853132
414;3.44996400287977;53.4200863930886;3.53986681065515;53.3301835853132
415;3.53995680345572;53.4200863930886;3.6298596112311;53.3301835853132
416;3.62994960403168;53.4200863930886;3.71985241180706;53.3301835853132
417;3.71994240460763;53.4200863930886;3.80984521238301;53.3301835853132
418;3.80993520518358;53.4200863930886;3.89983801295896;53.3301835853132
419;3.89992800575954;53.4200863930886;3.98983081353492;53.3301835853132
420;3.98992080633549;53.4200863930886;4.07982361411087;53.3301835853132
421;4.07991360691145;53.4200863930886;4.16981641468682;53.3301835853132
422;4.1699064074874;53.4200863930886;4.25980921526278;53.3301835853132
423;4.25989920806335;53.4200863930886;4.34980201583873;53.3301835853132
424;4.34989200863931;53.4200863930886;4.43979481641469;53.3301835853132
425;4.43988480921526;53.4200863930886;4.52978761699064;53.3301835853132
426;4.52987760979122;53.4200863930886;4.61978041756659;53.3301835853132
427;4.61987041036717;53.4200863930886;4.70977321814255;53.3301835853132
428;4.70986321094312;53.4200863930886;4.7997660187185;53.3301835853132
429;4.79985601151908;53.4200863930886;4.88975881929446;53.3301835853132
430;4.88984881209503;53.4200863930886;4.97975161987041;53.3301835853132
431;4.97984161267098;53.4200863930886;5.06974442044636;53.3301835853132
432;5.06983441324694;53.4200863930886;5.15973722102232;53.3301835853132
433;5.15982721382289;53.4200863930886;5.24973002159827;53.3301835853132
434;5.24982001439885;53.4200863930886;5.33972282217422;53.3301835853132
435;5.3398128149748;53.4200863930886;5.42971562275018;53.3301835853132
436;5.42980561555075;53.4200863930886;5.51970842332613;53.3301835853132
437;5.51979841612671;53.4200863930886;5.60970122390209;53.3301835853132
438;5.60979121670266;53.4200863930886;5.69969402447804;53.3301835853132
439;5.69978401727862;53.4200863930886;5.78968682505399;53.3301835853132
440;5.78977681785457;53.4200863930886;5.87967962562995;53.3301835853132
441;5.87976961843052;53.4200863930886;5.9696724262059;53.3301835853132
442;5.96976241900648;53.4200863930886;6.05966522678185;53.3301835853132
443;3;53.3300935925126;3.08990280777538;53.2401907847372
444;3.08999280057595;53.3300935925126;3.17989560835133;53.2401907847372
445;3.17998560115191;53.3300935925126;3.26988840892729;53.2401907847372
446;3.26997840172786;53.3300935925126;3.35988120950324;53.2401907847372
447;3.35997120230382;53.3300935925126;3.44987401007919;53.2401907847372
448;3.44996400287977;53.3300935925126;3.53986681065515;53.2401907847372
449;3.53995680345572;53.3300935925126;3.6298596112311;53.2401907847372
450;3.62994960403168;53.3300935925126;3.71985241180706;53.2401907847372
451;3.71994240460763;53.3300935925126;3.80984521238301;53.2401907847372
452;3.80993520518358;53.3300935925126;3.89983801295896;53.2401907847372
453;3.89992800575954;53.3300935925126;3.98983081353492;53.2401907847372
454;3.98992080633549;53.3300935925126;4.07982361411087;53.2401907847372
455;4.07991360691145;53.3300935925126;4.16981641468682;53.2401907847372
456;4.1699064074874;53.3300935925126;4.25980921526278;53.2401907847372
457;4.25989920806335;53.3300935925126;4.34980201583873;53.2401907847372
458;4.34989200863931;53.3300935925126;4.43979481641469;53.2401907847372
459;4.43988480921526;53.3300935925126;4.52978761699064;53.2401907847372
460;4.52987760979122;53.3300935925126;4.61978041756659;53.2401907847372
461;4.61987041036717;53.3300935925126;4.70977321814255;53.2401907847372
462;4.70986321094312;53.3300935925126;4.7997660187185;53.2401907847372
463;4.79985601151908;53.3300935925126;4.88975881929446;53.2401907847372
464;4.88984881209503;53.3300935925126;4.97975161987041;53.2401907847372
465;4.97984161267098;53.3300935925126;5.06974442044636;53.2401907847372
466;5.06983441324694;53.3300935925126;5.15973722102232;53.2401907847372
467;5.15982721382289;53.3300935925126;5.24973002159827;53.2401907847372
468;5.24982001439885;53.3300935925126;5.33972282217422;53.2401907847372
469;5.3398128149748;53.3300935925126;5.42971562275018;53.2401907847372
470;5.42980561555075;53.3300935925126;5.51970842332613;53.2401907847372
471;5.51979841612671;53.3300935925126;5.60970122390209;53.2401907847372
472;5.60979121670266;53.3300935925126;5.69969402447804;53.2401907847372
473;5.69978401727862;53.3300935925126;5.78968682505399;53.2401907847372
474;5.78977681785457;53.3300935925126;5.87967962562995;53.2401907847372
475;5.87976961843052;53.3300935925126;5.9696724262059;53.2401907847372
476;5.96976241900648;53.3300935925126;6.05966522678185;53.2401907847372
477;3;53.2401007919366;3.08990280777538;53.1501979841613
478;3.08999280057595;53.2401007919366;3.17989560835133;53.1501979841613
479;3.17998560115191;53.2401007919366;3.26988840892729;53.1501979841613
480;3.26997840172786;53.2401007919366;3.35988120950324;53.1501979841613
481;3.35997120230382;53.2401007919366;3.44987401007919;53.1501979841613
482;3.44996400287977;53.2401007919366;3.53986681065515;53.1501979841613
483;3.53995680345572;53.2401007919366;3.6298596112311;53.1501979841613
484;3.62994960403168;53.2401007919366;3.71985241180706;53.1501979841613
485;3.71994240460763;53.2401007919366;3.80984521238301;53.1501979841613
486;3.80993520518358;53.2401007919366;3.89983801295896;53.1501979841613
487;3.89992800575954;53.2401007919366;3.98983081353492;53.1501979841613
488;3.98992080633549;53.2401007919366;4.07982361411087;53.1501979841613
489;4.07991360691145;53.2401007919366;4.16981641468682;53.1501979841613
490;4.1699064074874;53.2401007919366;4.25980921526278;53.1501979841613
491;4.25989920806335;53.2401007919366;4.34980201583873;53.1501979841613
492;4.34989200863931;53.2401007919366;4.43979481641469;53.1501979841613
493;4.43988480921526;53.2401007919366;4.52978761699064;53.1501979841613
494;4.52987760979122;53.2401007919366;4.61978041756659;53.1501979841613
495;4.61987041036717;53.2401007919366;4.70977321814255;53.1501979841613
496;4.70986321094312;53.2401007919366;4.7997660187185;53.1501979841613
497;4.79985601151908;53.2401007919366;4.88975881929446;53.1501979841613
498;4.88984881209503;53.2401007919366;4.97975161987041;53.1501979841613
499;4.97984161267098;53.2401007919366;5.06974442044636;53.1501979841613
500;5.06983441324694;53.2401007919366;5.15973722102232;53.1501979841613
501;5.15982721382289;53.2401007919366;5.24973002159827;53.1501979841613
502;5.24982001439885;53.2401007919366;5.33972282217422;53.1501979841613
503;5.3398128149748;53.2401007919366;5.42971562275018;53.1501979841613
504;5.42980561555075;53.2401007919366;5.51970842332613;53.1501979841613
505;5.51979841612671;53.2401007919366;5.60970122390209;53.1501979841613
506;5.60979121670266;53.2401007919366;5.69969402447804;53.1501979841613
507;5.69978401727862;53.2401007919366;5.78968682505399;53.1501979841613
508;5.78977681785457;53.2401007919366;5.87967962562995;53.1501979841613
509;5.87976961843052;53.2401007919366;5.9696724262059;53.1501979841613
510;5.96976241900648;53.2401007919366;6.05966522678185;53.1501979841613
511;3;53.1501079913607;3.08990280777538;53.0602051835853
512;3.08999280057595;53.1501079913607;3.17989560835133;53.0602051835853
513;3.17998560115191;53.1501079913607;3.26988840892729;53.0602051835853
514;3.26997840172786;53.1501079913607;3.35988120950324;53.0602051835853
515;3.35997120230382;53.1501079913607;3.44987401007919;53.0602051835853
516;3.44996400287977;53.1501079913607;3.53986681065515;53.0602051835853
517;3.53995680345572;53.1501079913607;3.6298596112311;53.0602051835853
518;3.62994960403168;53.1501079913607;3.71985241180706;53.0602051835853
519;3.71994240460763;53.1501079913607;3.80984521238301;53.0602051835853
520;3.80993520518358;53.1501079913607;3.89983801295896;53.0602051835853
521;3.89992800575954;53.1501079913607;3.98983081353492;53.0602051835853
522;3.98992080633549;53.1501079913607;4.07982361411087;53.0602051835853
523;4.07991360691145;53.1501079913607;4.16981641468682;53.0602051835853
524;4.1699064074874;53.1501079913607;4.25980921526278;53.0602051835853
525;4.25989920806335;53.1501079913607;4.34980201583873;53.0602051835853
526;4.34989200863931;53.1501079913607;4.43979481641469;53.0602051835853
527;4.43988480921526;53.1501079913607;4.52978761699064;53.0602051835853
528;4.52987760979122;53.1501079913607;4.61978041756659;53.0602051835853
529;4.61987041036717;53.1501079913607;4.70977321814255;53.0602051835853
530;4.70986321094312;53.1501079913607;4.7997660187185;53.0602051835853
531;4.79985601151908;53.1501079913607;4.88975881929446;53.0602051835853
532;4.88984881209503;53.1501079913607;4.97975161987041;53.0602051835853
533;4.97984161267098;53.1501079913607;5.06974442044636;53.0602051835853
534;5.06983441324694;53.1501079913607;5.15973722102232;53.0602051835853
535;5.15982721382289;53.1501079913607;5.24973002159827;53.0602051835853
536;5.24982001439885;53.1501079913607;5.33972282217422;53.0602051835853
537;5.3398128149748;53.1501079913607;5.42971562275018;53.0602051835853
538;5.42980561555075;53.1501079913607;5.51970842332613;53.0602051835853
539;5.51979841612671;53.1501079913607;5.60970122390209;53.0602051835853
540;5.60979121670266;53.1501079913607;5.69969402447804;53.0602051835853
541;5.69978401727862;53.1501079913607;5.78968682505399;53.0602051835853
542;5.78977681785457;53.1501079913607;5.87967962562995;53.0602051835853
543;5.87976961843052;53.1501079913607;5.9696724262059;53.0602051835853
544;5.96976241900648;53.1501079913607;6.05966522678185;53.0602051835853
545;3;53.0601151907847;3.08990280777538;52.9702123830094
546;3.08999280057595;53.0601151907847;3.17989560835133;52.9702123830094
547;3.17998560115191;53.0601151907847;3.26988840892729;52.9702123830094
548;3.26997840172786;53.0601151907847;3.35988120950324;52.9702123830094
549;3.35997120230382;53.0601151907847;3.44987401007919;52.9702123830094
550;3.44996400287977;53.0601151907847;3.53986681065515;52.9702123830094
551;3.53995680345572;53.0601151907847;3.6298596112311;52.9702123830094
552;3.62994960403168;53.0601151907847;3.71985241180706;52.9702123830094
553;3.71994240460763;53.0601151907847;3.80984521238301;52.9702123830094
554;3.80993520518358;53.0601151907847;3.89983801295896;52.9702123830094
555;3.89992800575954;53.0601151907847;3.98983081353492;52.9702123830094
556;3.98992080633549;53.0601151907847;4.07982361411087;52.9702123830094
557;4.07991360691145;53.0601151907847;4.16981641468682;52.9702123830094
558;4.1699064074874;53.0601151907847;4.25980921526278;52.9702123830094
559;4.25989920806335;53.0601151907847;4.34980201583873;52.9702123830094
560;4.34989200863931;53.0601151907847;4.43979481641469;52.9702123830094
561;4.43988480921526;53.0601151907847;4.52978761699064;52.9702123830094
562;4.52987760979122;53.0601151907847;4.61978041756659;52.9702123830094
563;4.61987041036717;53.0601151907847;4.70977321814255;52.9702123830094
564;4.70986321094312;53.0601151907847;4.7997660187185;52.9702123830094
565;4.79985601151908;53.0601151907847;4.88975881929446;52.9702123830094
566;4.88984881209503;53.0601151907847;4.97975161987041;52.9702123830094
567;4.97984161267098;53.0601151907847;5.06974442044636;52.9702123830094
568;5.06983441324694;53.0601151907847;5.15973722102232;52.9702123830094
569;5.15982721382289;53.0601151907847;5.24973002159827;52.9702123830094
570;5.24982001439885;53.0601151907847;5.33972282217422;52.9702123830094
571;5.3398128149748;53.0601151907847;5.42971562275018;52.9702123830094
572;5.42980561555075;53.0601151907847;5.51970842332613;52.9702123830094
573;5.51979841612671;53.0601151907847;5.60970122390209;52.9702123830094
574;5.60979121670266;53.0601151907847;5.69969402447804;52.9702123830094
575;5.69978401727862;53.0601151907847;5.78968682505399;52.9702123830094
576;5.78977681785457;53.0601151907847;5.87967962562995;52.9702123830094
577;5.87976961843052;53.0601151907847;5.9696724262059;52.9702123830094
578;5.96976241900648;53.0601151907847;6.05966522678185;52.9702123830094
579;3;52.9701223902088;3.08990280777538;52.8802195824334
580;3.08999280057595;52.9701223902088;3.17989560835133;52.8802195824334
581;3.17998560115191;52.9701223902088;3.26988840892729;52.8802195824334
582;3.26997840172786;52.9701223902088;3.35988120950324;52.8802195824334
583;3.35997120230382;52.9701223902088;3.44987401007919;52.8802195824334
584;3.44996400287977;52.9701223902088;3.53986681065515;52.8802195824334
585;3.53995680345572;52.9701223902088;3.6298596112311;52.8802195824334
586;3.62994960403168;52.9701223902088;3.71985241180706;52.8802195824334
587;3.71994240460763;52.9701223902088;3.80984521238301;52.8802195824334
588;3.80993520518358;52.9701223902088;3.89983801295896;52.8802195824334
589;3.89992800575954;52.9701223902088;3.98983081353492;52.8802195824334
590;3.98992080633549;52.9701223902088;4.07982361411087;52.8802195824334
591;4.07991360691145;52.9701223902088;4.16981641468682;52.8802195824334
592;4.1699064074874;52.9701223902088;4.25980921526278;52.8802195824334
593;4.25989920806335;52.9701223902088;4.34980201583873;52.8802195824334
594;4.34989200863931;52.9701223902088;4.43979481641469;52.8802195824334
595;4.43988480921526;52.9701223902088;4.52978761699064;52.8802195824334
596;4.52987760979122;52.9701223902088;4.61978041756659;52.8802195824334
597;4.61987041036717;52.9701223902088;4.70977321814255;52.8802195824334
598;4.70986321094312;52.9701223902088;4.7997660187185;52.8802195824334
599;4.79985601151908;52.9701223902088;4.88975881929446;52.8802195824334
600;4.88984881209503;52.9701223902088;4.97975161987041;52.8802195824334
601;4.97984161267098;52.9701223902088;5.06974442044636;52.8802195824334
602;5.06983441324694;52.9701223902088;5.15973722102232;52.8802195824334
603;5.15982721382289;52.9701223902088;5.24973002159827;52.8802195824334
604;5.24982001439885;52.9701223902088;5.33972282217422;52.8802195824334
605;5.3398128149748;52.9701223902088;5.42971562275018;52.8802195824334
606;5.42980561555075;52.9701223902088;5.51970842332613;52.8802195824334
607;5.51979841612671;52.9701223902088;5.60970122390209;52.8802195824334
608;5.60979121670266;52.9701223902088;5.69969402447804;52.8802195824334
609;5.69978401727862;52.9701223902088;5.78968682505399;52.8802195824334
610;5.78977681785457;52.9701223902088;5.87967962562995;52.8802195824334
611;5.87976961843052;52.9701223902088;5.9696724262059;52.8802195824334
612;5.96976241900648;52.9701223902088;6.05966522678185;52.8802195824334
613;3;52.8801295896328;3.08990280777538;52.7902267818574
614;3.08999280057595;52.8801295896328;3.17989560835133;52.7902267818574
615;3.17998560115191;52.8801295896328;3.26988840892729;52.7902267818574
616;3.26997840172786;52.8801295896328;3.35988120950324;52.7902267818574
617;3.35997120230382;52.8801295896328;3.44987401007919;52.7902267818574
618;3.44996400287977;52.8801295896328;3.53986681065515;52.7902267818574
619;3.53995680345572;52.8801295896328;3.6298596112311;52.7902267818574
620;3.62994960403168;52.8801295896328;3.71985241180706;52.7902267818574
621;3.71994240460763;52.8801295896328;3.80984521238301;52.7902267818574
622;3.80993520518358;52.8801295896328;3.89983801295896;52.7902267818574
623;3.89992800575954;52.8801295896328;3.98983081353492;52.7902267818574
624;3.98992080633549;52.8801295896328;4.07982361411087;52.7902267818574
625;4.07991360691145;52.8801295896328;4.16981641468682;52.7902267818574
626;4.1699064074874;52.8801295896328;4.25980921526278;52.7902267818574
627;4.25989920806335;52.8801295896328;4.34980201583873;52.7902267818574
628;4.34989200863931;52.8801295896328;4.43979481641469;52.7902267818574
629;4.43988480921526;52.8801295896328;4.52978761699064;52.7902267818574
630;4.52987760979122;52.8801295896328;4.61978041756659;52.7902267818574
631;4.61987041036717;52.8801295896328;4.70977321814255;52.7902267818574
632;4.70986321094312;52.8801295896328;4.7997660187185;52.7902267818574
633;4.79985601151908;52.8801295896328;4.88975881929446;52.7902267818574
634;4.88984881209503;52.8801295896328;4.97975161987041;52.7902267818574
635;4.97984161267098;52.8801295896328;5.06974442044636;52.7902267818574
636;5.06983441324694;52.8801295896328;5.15973722102232;52.7902267818574
637;5.15982721382289;52.8801295896328;5.24973002159827;52.7902267818574
638;5.24982001439885;52.8801295896328;5.33972282217422;52.7902267818574
639;5.3398128149748;52.8801295896328;5.42971562275018;52.7902267818574
640;5.42980561555075;52.8801295896328;5.51970842332613;52.7902267818574
641;5.51979841612671;52.8801295896328;5.60970122390209;52.7902267818574
642;5.60979121670266;52.8801295896328;5.69969402447804;52.7902267818574
643;5.69978401727862;52.8801295896328;5.78968682505399;52.7902267818574
644;5.78977681785457;52.8801295896328;5.87967962562995;52.7902267818574
645;5.87976961843052;52.8801295896328;5.9696724262059;52.7902267818574
646;5.96976241900648;52.8801295896328;6.05966522678185;52.7902267818574
647;3;52.7901367890569;3.08990280777538;52.7002339812815
648;3.08999280057595;52.7901367890569;3.17989560835133;52.7002339812815
649;3.17998560115191;52.7901367890569;3.26988840892729;52.7002339812815
650;3.26997840172786;52.7901367890569;3.35988120950324;52.7002339812815
651;3.35997120230382;52.7901367890569;3.44987401007919;52.7002339812815
652;3.44996400287977;52.7901367890569;3.53986681065515;52.7002339812815
653;3.53995680345572;52.7901367890569;3.6298596112311;52.7002339812815
654;3.62994960403168;52.7901367890569;3.71985241180706;52.7002339812815
655;3.71994240460763;52.7901367890569;3.80984521238301;52.7002339812815
656;3.80993520518358;52.7901367890569;3.89983801295896;52.7002339812815
657;3.89992800575954;52.7901367890569;3.98983081353492;52.7002339812815
658;3.98992080633549;52.7901367890569;4.07982361411087;52.7002339812815
659;4.07991360691145;52.7901367890569;4.16981641468682;52.7002339812815
660;4.1699064074874;52.7901367890569;4.25980921526278;52.7002339812815
661;4.25989920806335;52.7901367890569;4.34980201583873;52.7002339812815
662;4.34989200863931;52.7901367890569;4.43979481641469;52.7002339812815
663;4.43988480921526;52.7901367890569;4.52978761699064;52.7002339812815
664;4.52987760979122;52.7901367890569;4.61978041756659;52.7002339812815
665;4.61987041036717;52.7901367890569;4.70977321814255;52.7002339812815
666;4.70986321094312;52.7901367890569;4.7997660187185;52.7002339812815
667;4.79985601151908;52.7901367890569;4.88975881929446;52.7002339812815
668;4.88984881209503;52.7901367890569;4.97975161987041;52.7002339812815
669;4.97984161267098;52.7901367890569;5.06974442044636;52.7002339812815
670;5.06983441324694;52.7901367890569;5.15973722102232;52.7002339812815
671;5.15982721382289;52.7901367890569;5.24973002159827;52.7002339812815
672;5.24982001439885;52.7901367890569;5.33972282217422;52.7002339812815
673;5.3398128149748;52.7901367890569;5.42971562275018;52.7002339812815
674;5.42980561555075;52.7901367890569;5.51970842332613;52.7002339812815
675;5.51979841612671;52.7901367890569;5.60970122390209;52.7002339812815
676;5.60979121670266;52.7901367890569;5.69969402447804;52.7002339812815
677;5.69978401727862;52.7901367890569;5.78968682505399;52.7002339812815
678;5.78977681785457;52.7901367890569;5.87967962562995;52.7002339812815
679;5.87976961843052;52.7901367890569;5.9696724262059;52.7002339812815
680;5.96976241900648;52.7901367890569;6.05966522678185;52.7002339812815
681;3;52.7001439884809;3.08990280777538;52.6102411807055
682;3.08999280057595;52.7001439884809;3.17989560835133;52.6102411807055
683;3.17998560115191;52.7001439884809;3.26988840892729;52.6102411807055
684;3.26997840172786;52.7001439884809;3.35988120950324;52.6102411807055
685;3.35997120230382;52.7001439884809;3.44987401007919;52.6102411807055
686;3.44996400287977;52.7001439884809;3.53986681065515;52.6102411807055
687;3.53995680345572;52.7001439884809;3.6298596112311;52.6102411807055
688;3.62994960403168;52.7001439884809;3.71985241180706;52.6102411807055
689;3.71994240460763;52.7001439884809;3.80984521238301;52.6102411807055
690;3.80993520518358;52.7001439884809;3.89983801295896;52.6102411807055
691;3.89992800575954;52.7001439884809;3.98983081353492;52.6102411807055
692;3.98992080633549;52.7001439884809;4.07982361411087;52.6102411807055
693;4.07991360691145;52.7001439884809;4.16981641468682;52.6102411807055
694;4.1699064074874;52.7001439884809;4.25980921526278;52.6102411807055
695;4.25989920806335;52.7001439884809;4.34980201583873;52.6102411807055
696;4.34989200863931;52.7001439884809;4.43979481641469;52.6102411807055
697;4.43988480921526;52.7001439884809;4.52978761699064;52.6102411807055
698;4.52987760979122;52.7001439884809;4.61978041756659;52.6102411807055
699;4.61987041036717;52.7001439884809;4.70977321814255;52.6102411807055
700;4.70986321094312;52.7001439884809;4.7997660187185;52.6102411807055
701;4.79985601151908;52.7001439884809;4.88975881929446;52.6102411807055
702;4.88984881209503;52.7001439884809;4.97975161987041;52.6102411807055
703;4.97984161267098;52.7001439884809;5.06974442044636;52.6102411807055
704;5.06983441324694;52.7001439884809;5.15973722102232;52.6102411807055
705;5.15982721382289;52.7001439884809;5.24973002159827;52.6102411807055
706;5.24982001439885;52.7001439884809;5.33972282217422;52.6102411807055
707;5.3398128149748;52.7001439884809;5.42971562275018;52.6102411807055
708;5.42980561555075;52.7001439884809;5.51970842332613;52.6102411807055
709;5.51979841612671;52.7001439884809;5.60970122390209;52.6102411807055
710;5.60979121670266;52.7001439884809;5.69969402447804;52.6102411807055
711;5.69978401727862;52.7001439884809;5.78968682505399;52.6102411807055
712;5.78977681785457;52.7001439884809;5.87967962562995;52.6102411807055
713;5.87976961843052;52.7001439884809;5.9696724262059;52.6102411807055
714;5.96976241900648;52.7001439884809;6.05966522678185;52.6102411807055
715;3;52.610151187905;3.08990280777538;52.5202483801296
716;3.08999280057595;52.610151187905;3.17989560835133;52.5202483801296
717;3.17998560115191;52.610151187905;3.26988840892729;52.5202483801296
718;3.26997840172786;52.610151187905;3.35988120950324;52.5202483801296
719;3.35997120230382;52.610151187905;3.44987401007919;52.5202483801296
720;3.44996400287977;52.610151187905;3.53986681065515;52.5202483801296
721;3.53995680345572;52.610151187905;3.6298596112311;52.5202483801296
722;3.62994960403168;52.610151187905;3.71985241180706;52.5202483801296
723;3.71994240460763;52.610151187905;3.80984521238301;52.5202483801296
724;3.80993520518358;52.610151187905;3.89983801295896;52.5202483801296
725;3.89992800575954;52.610151187905;3.98983081353492;52.5202483801296
726;3.98992080633549;52.610151187905;4.07982361411087;52.5202483801296
727;4.07991360691145;52.610151187905;4.16981641468682;52.5202483801296
728;4.1699064074874;52.610151187905;4.25980921526278;52.5202483801296
729;4.25989920806335;52.610151187905;4.34980201583873;52.5202483801296
730;4.34989200863931;52.610151187905;4.43979481641469;52.5202483801296
731;4.43988480921526;52.610151187905;4.52978761699064;52.5202483801296
732;4.52987760979122;52.610151187905;4.61978041756659;52.5202483801296
733;4.61987041036717;52.610151187905;4.70977321814255;52.5202483801296
734;4.70986321094312;52.610151187905;4.7997660187185;52.5202483801296
735;4.79985601151908;52.610151187905;4.88975881929446;52.5202483801296
736;4.88984881209503;52.610151187905;4.97975161987041;52.5202483801296
737;4.97984161267098;52.610151187905;5.06974442044636;52.5202483801296
738;5.06983441324694;52.610151187905;5.15973722102232;52.5202483801296
739;5.15982721382289;52.610151187905;5.24973002159827;52.5202483801296
740;5.24982001439885;52.610151187905;5.33972282217422;52.5202483801296
741;5.3398128149748;52.610151187905;5.42971562275018;52.5202483801296
742;5.42980561555075;52.610151187905;5.51970842332613;52.5202483801296
743;5.51979841612671;52.610151187905;5.60970122390209;52.5202483801296
744;5.60979121670266;52.610151187905;5.69969402447804;52.5202483801296
745;5.69978401727862;52.610151187905;5.78968682505399;52.5202483801296
746;5.78977681785457;52.610151187905;5.87967962562995;52.5202483801296
747;5.87976961843052;52.610151187905;5.9696724262059;52.5202483801296
748;5.96976241900648;52.610151187905;6.05966522678185;52.5202483801296
749;3;52.520158387329;3.08990280777538;52.4302555795536
750;3.08999280057595;52.520158387329;3.17989560835133;52.4302555795536
751;3.17998560115191;52.520158387329;3.26988840892729;52.4302555795536
752;3.26997840172786;52.520158387329;3.35988120950324;52.4302555795536
753;3.35997120230382;52.520158387329;3.44987401007919;52.4302555795536
754;3.44996400287977;52.520158387329;3.53986681065515;52.4302555795536
755;3.53995680345572;52.520158387329;3.6298596112311;52.4302555795536
756;3.62994960403168;52.520158387329;3.71985241180706;52.4302555795536
757;3.71994240460763;52.520158387329;3.80984521238301;52.4302555795536
758;3.80993520518358;52.520158387329;3.89983801295896;52.4302555795536
759;3.89992800575954;52.520158387329;3.98983081353492;52.4302555795536
760;3.98992080633549;52.520158387329;4.07982361411087;52.4302555795536
761;4.07991360691145;52.520158387329;4.16981641468682;52.4302555795536
762;4.1699064074874;52.520158387329;4.25980921526278;52.4302555795536
763;4.25989920806335;52.520158387329;4.34980201583873;52.4302555795536
764;4.34989200863931;52.520158387329;4.43979481641469;52.4302555795536
765;4.43988480921526;52.520158387329;4.52978761699064;52.4302555795536
766;4.52987760979122;52.520158387329;4.61978041756659;52.4302555795536
767;4.61987041036717;52.520158387329;4.70977321814255;52.4302555795536
768;4.70986321094312;52.520158387329;4.7997660187185;52.4302555795536
769;4.79985601151908;52.520158387329;4.88975881929446;52.4302555795536
770;4.88984881209503;52.520158387329;4.97975161987041;52.4302555795536
771;4.97984161267098;52.520158387329;5.06974442044636;52.4302555795536
772;5.06983441324694;52.520158387329;5.15973722102232;52.4302555795536
773;5.15982721382289;52.520158387329;5.24973002159827;52.4302555795536
774;5.24982001439885;52.520158387329;5.33972282217422;52.4302555795536
775;5.3398128149748;52.520158387329;5.42971562275018;52.4302555795536
776;5.42980561555075;52.520158387329;5.51970842332613;52.4302555795536
777;5.51979841612671;52.520158387329;5.60970122390209;52.4302555795536
778;5.60979121670266;52.520158387329;5.69969402447804;52.4302555795536
779;5.69978401727862;52.520158387329;5.78968682505399;52.4302555795536
780;5.78977681785457;52.520158387329;5.87967962562995;52.4302555795536
781;5.87976961843052;52.520158387329;5.9696724262059;52.4302555795536
782;5.96976241900648;52.520158387329;6.05966522678185;52.4302555795536
783;3;52.4301655867531;3.08990280777538;52.3402627789777
784;3.08999280057595;52.4301655867531;3.17989560835133;52.3402627789777
785;3.17998560115191;52.4301655867531;3.26988840892729;52.3402627789777
786;3.26997840172786;52.4301655867531;3.35988120950324;52.3402627789777
787;3.35997120230382;52.4301655867531;3.44987401007919;52.3402627789777
788;3.44996400287977;52.4301655867531;3.53986681065515;52.3402627789777
789;3.53995680345572;52.4301655867531;3.6298596112311;52.3402627789777
790;3.62994960403168;52.4301655867531;3.71985241180706;52.3402627789777
791;3.71994240460763;52.4301655867531;3.80984521238301;52.3402627789777
792;3.80993520518358;52.4301655867531;3.89983801295896;52.3402627789777
793;3.89992800575954;52.4301655867531;3.98983081353492;52.3402627789777
794;3.98992080633549;52.4301655867531;4.07982361411087;52.3402627789777
795;4.07991360691145;52.4301655867531;4.16981641468682;52.3402627789777
796;4.1699064074874;52.4301655867531;4.25980921526278;52.3402627789777
797;4.25989920806335;52.4301655867531;4.34980201583873;52.3402627789777
798;4.34989200863931;52.4301655867531;4.43979481641469;52.3402627789777
799;4.43988480921526;52.4301655867531;4.52978761699064;52.3402627789777
800;4.52987760979122;52.4301655867531;4.61978041756659;52.3402627789777
801;4.61987041036717;52.4301655867531;4.70977321814255;52.3402627789777
802;4.70986321094312;52.4301655867531;4.7997660187185;52.3402627789777
803;4.79985601151908;52.4301655867531;4.88975881929446;52.3402627789777
804;4.88984881209503;52.4301655867531;4.97975161987041;52.3402627789777
805;4.97984161267098;52.4301655867531;5.06974442044636;52.3402627789777
806;5.06983441324694;52.4301655867531;5.15973722102232;52.3402627789777
807;5.15982721382289;52.4301655867531;5.24973002159827;52.3402627789777
808;5.24982001439885;52.4301655867531;5.33972282217422;52.3402627789777
809;5.3398128149748;52.4301655867531;5.42971562275018;52.3402627789777
810;5.42980561555075;52.4301655867531;5.51970842332613;52.3402627789777
811;5.51979841612671;52.4301655867531;5.60970122390209;52.3402627789777
812;5.60979121670266;52.4301655867531;5.69969402447804;52.3402627789777
813;5.69978401727862;52.4301655867531;5.78968682505399;52.3402627789777
814;5.78977681785457;52.4301655867531;5.87967962562995;52.3402627789777
815;5.87976961843052;52.4301655867531;5.9696724262059;52.3402627789777
816;5.96976241900648;52.4301655867531;6.05966522678185;52.3402627789777
817;3;52.3401727861771;3.08990280777538;52.2502699784017
818;3.08999280057595;52.3401727861771;3.17989560835133;52.2502699784017
819;3.17998560115191;52.3401727861771;3.26988840892729;52.2502699784017
820;3.26997840172786;52.3401727861771;3.35988120950324;52.2502699784017
821;3.35997120230382;52.3401727861771;3.44987401007919;52.2502699784017
822;3.44996400287977;52.3401727861771;3.53986681065515;52.2502699784017
823;3.53995680345572;52.3401727861771;3.6298596112311;52.2502699784017
824;3.62994960403168;52.3401727861771;3.71985241180706;52.2502699784017
825;3.71994240460763;52.3401727861771;3.80984521238301;52.2502699784017
826;3.80993520518358;52.3401727861771;3.89983801295896;52.2502699784017
827;3.89992800575954;52.3401727861771;3.98983081353492;52.2502699784017
828;3.98992080633549;52.3401727861771;4.07982361411087;52.2502699784017
829;4.07991360691145;52.3401727861771;4.16981641468682;52.2502699784017
830;4.1699064074874;52.3401727861771;4.25980921526278;52.2502699784017
831;4.25989920806335;52.3401727861771;4.34980201583873;52.2502699784017
832;4.34989200863931;52.3401727861771;4.43979481641469;52.2502699784017
833;4.43988480921526;52.3401727861771;4.52978761699064;52.2502699784017
834;4.52987760979122;52.3401727861771;4.61978041756659;52.2502699784017
835;4.61987041036717;52.3401727861771;4.70977321814255;52.2502699784017
836;4.70986321094312;52.3401727861771;4.7997660187185;52.2502699784017
837;4.79985601151908;52.3401727861771;4.88975881929446;52.2502699784017
838;4.88984881209503;52.3401727861771;4.97975161987041;52.2502699784017
839;4.97984161267098;52.3401727861771;5.06974442044636;52.2502699784017
840;5.06983441324694;52.3401727861771;5.15973722102232;52.2502699784017
841;5.15982721382289;52.3401727861771;5.24973002159827;52.2502699784017
842;5.24982001439885;52.3401727861771;5.33972282217422;52.2502699784017
843;5.3398128149748;52.3401727861771;5.42971562275018;52.2502699784017
844;5.42980561555075;52.3401727861771;5.51970842332613;52.2502699784017
845;5.51979841612671;52.3401727861771;5.60970122390209;52.2502699784017
846;5.60979121670266;52.3401727861771;5.69969402447804;52.2502699784017
847;5.69978401727862;52.3401727861771;5.78968682505399;52.2502699784017
848;5.78977681785457;52.3401727861771;5.87967962562995;52.2502699784017
849;5.87976961843052;52.3401727861771;5.9696724262059;52.2502699784017
850;5.96976241900648;52.3401727861771;6.05966522678185;52.2502699784017
851;3;52.2501799856012;3.08990280777538;52.1602771778258
852;3.08999280057595;52.2501799856012;3.17989560835133;52.1602771778258
853;3.17998560115191;52.2501799856012;3.26988840892729;52.1602771778258
854;3.26997840172786;52.2501799856012;3.35988120950324;52.1602771778258
855;3.35997120230382;52.2501799856012;3.44987401007919;52.1602771778258
856;3.44996400287977;52.2501799856012;3.53986681065515;52.1602771778258
857;3.53995680345572;52.2501799856012;3.6298596112311;52.1602771778258
858;3.62994960403168;52.2501799856012;3.71985241180706;52.1602771778258
859;3.71994240460763;52.2501799856012;3.80984521238301;52.1602771778258
860;3.80993520518358;52.2501799856012;3.89983801295896;52.1602771778258
861;3.89992800575954;52.2501799856012;3.98983081353492;52.1602771778258
862;3.98992080633549;52.2501799856012;4.07982361411087;52.1602771778258
863;4.07991360691145;52.2501799856012;4.16981641468682;52.1602771778258
864;4.1699064074874;52.2501799856012;4.25980921526278;52.1602771778258
865;4.25989920806335;52.2501799856012;4.34980201583873;52.1602771778258
866;4.34989200863931;52.2501799856012;4.43979481641469;52.1602771778258
867;4.43988480921526;52.2501799856012;4.52978761699064;52.1602771778258
868;4.52987760979122;52.2501799856012;4.61978041756659;52.1602771778258
869;4.61987041036717;52.2501799856012;4.70977321814255;52.1602771778258
870;4.70986321094312;52.2501799856012;4.7997660187185;52.1602771778258
871;4.79985601151908;52.2501799856012;4.88975881929446;52.1602771778258
872;4.88984881209503;52.2501799856012;4.97975161987041;52.1602771778258
873;4.97984161267098;52.2501799856012;5.06974442044636;52.1602771778258
874;5.06983441324694;52.2501799856012;5.15973722102232;52.1602771778258
875;5.15982721382289;52.2501799856012;5.24973002159827;52.1602771778258
876;5.24982001439885;52.2501799856012;5.33972282217422;52.1602771778258
877;5.3398128149748;52.2501799856012;5.42971562275018;52.1602771778258
878;5.42980561555075;52.2501799856012;5.51970842332613;52.1602771778258
879;5.51979841612671;52.2501799856012;5.60970122390209;52.1602771778258
880;5.60979121670266;52.2501799856012;5.69969402447804;52.1602771778258
881;5.69978401727862;52.2501799856012;5.78968682505399;52.1602771778258
882;5.78977681785457;52.2501799856012;5.87967962562995;52.1602771778258
883;5.87976961843052;52.2501799856012;5.9696724262059;52.1602771778258
884;5.96976241900648;52.2501799856012;6.05966522678185;52.1602771778258
885;3;52.1601871850252;3.08990280777538;52.0702843772498
886;3.08999280057595;52.1601871850252;3.17989560835133;52.0702843772498
887;3.17998560115191;52.1601871850252;3.26988840892729;52.0702843772498
888;3.26997840172786;52.1601871850252;3.35988120950324;52.0702843772498
889;3.35997120230382;52.1601871850252;3.44987401007919;52.0702843772498
890;3.44996400287977;52.1601871850252;3.53986681065515;52.0702843772498
891;3.53995680345572;52.1601871850252;3.6298596112311;52.0702843772498
892;3.62994960403168;52.1601871850252;3.71985241180706;52.0702843772498
893;3.71994240460763;52.1601871850252;3.80984521238301;52.0702843772498
894;3.80993520518358;52.1601871850252;3.89983801295896;52.0702843772498
895;3.89992800575954;52.1601871850252;3.98983081353492;52.0702843772498
896;3.98992080633549;52.1601871850252;4.07982361411087;52.0702843772498
897;4.07991360691145;52.1601871850252;4.16981641468682;52.0702843772498
898;4.1699064074874;52.1601871850252;4.25980921526278;52.0702843772498
899;4.25989920806335;52.1601871850252;4.34980201583873;52.0702843772498
900;4.34989200863931;52.1601871850252;4.43979481641469;52.0702843772498
901;4.43988480921526;52.1601871850252;4.52978761699064;52.0702843772498
902;4.52987760979122;52.1601871850252;4.61978041756659;52.0702843772498
903;4.61987041036717;52.1601871850252;4.70977321814255;52.0702843772498
904;4.70986321094312;52.1601871850252;4.7997660187185;52.0702843772498
905;4.79985601151908;52.1601871850252;4.88975881929446;52.0702843772498
906;4.88984881209503;52.1601871850252;4.97975161987041;52.0702843772498
907;4.97984161267098;52.1601871850252;5.06974442044636;52.0702843772498
908;5.06983441324694;52.1601871850252;5.15973722102232;52.0702843772498
909;5.15982721382289;52.1601871850252;5.24973002159827;52.0702843772498
910;5.24982001439885;52.1601871850252;5.33972282217422;52.0702843772498
911;5.3398128149748;52.1601871850252;5.42971562275018;52.0702843772498
912;5.42980561555075;52.1601871850252;5.51970842332613;52.0702843772498
913;5.51979841612671;52.1601871850252;5.60970122390209;52.0702843772498
914;5.60979121670266;52.1601871850252;5.69969402447804;52.0702843772498
915;5.69978401727862;52.1601871850252;5.78968682505399;52.0702843772498
916;5.78977681785457;52.1601871850252;5.87967962562995;52.0702843772498
917;5.87976961843052;52.1601871850252;5.9696724262059;52.0702843772498
918;5.96976241900648;52.1601871850252;6.05966522678185;52.0702843772498
919;3;52.0701943844492;3.08990280777538;51.9802915766739
920;3.08999280057595;52.0701943844492;3.17989560835133;51.9802915766739
921;3.17998560115191;52.0701943844492;3.26988840892729;51.9802915766739
922;3.26997840172786;52.0701943844492;3.35988120950324;51.9802915766739
923;3.35997120230382;52.0701943844492;3.44987401007919;51.9802915766739
924;3.44996400287977;52.0701943844492;3.53986681065515;51.9802915766739
925;3.53995680345572;52.0701943844492;3.6298596112311;51.9802915766739
926;3.62994960403168;52.0701943844492;3.71985241180706;51.9802915766739
927;3.71994240460763;52.0701943844492;3.80984521238301;51.9802915766739
928;3.80993520518358;52.0701943844492;3.89983801295896;51.9802915766739
929;3.89992800575954;52.0701943844492;3.98983081353492;51.9802915766739
930;3.98992080633549;52.0701943844492;4.07982361411087;51.9802915766739
931;4.07991360691145;52.0701943844492;4.16981641468682;51.9802915766739
932;4.1699064074874;52.0701943844492;4.25980921526278;51.9802915766739
933;4.25989920806335;52.0701943844492;4.34980201583873;51.9802915766739
934;4.34989200863931;52.0701943844492;4.43979481641469;51.9802915766739
935;4.43988480921526;52.0701943844492;4.52978761699064;51.9802915766739
936;4.52987760979122;52.0701943844492;4.61978041756659;51.9802915766739
937;4.61987041036717;52.0701943844492;4.70977321814255;51.9802915766739
938;4.70986321094312;52.0701943844492;4.7997660187185;51.9802915766739
939;4.79985601151908;52.0701943844492;4.88975881929446;51.9802915766739
940;4.88984881209503;52.0701943844492;4.97975161987041;51.9802915766739
941;4.97984161267098;52.0701943844492;5.06974442044636;51.9802915766739
942;5.06983441324694;52.0701943844492;5.15973722102232;51.9802915766739
943;5.15982721382289;52.0701943844492;5.24973002159827;51.9802915766739
944;5.24982001439885;52.0701943844492;5.33972282217422;51.9802915766739
945;5.3398128149748;52.0701943844492;5.42971562275018;51.9802915766739
946;5.42980561555075;52.0701943844492;5.51970842332613;51.9802915766739
947;5.51979841612671;52.0701943844492;5.60970122390209;51.9802915766739
948;5.60979121670266;52.0701943844492;5.69969402447804;51.9802915766739
949;5.69978401727862;52.0701943844492;5.78968682505399;51.9802915766739
950;5.78977681785457;52.0701943844492;5.87967962562995;51.9802915766739
951;5.87976961843052;52.0701943844492;5.9696724262059;51.9802915766739
952;5.96976241900648;52.0701943844492;6.05966522678185;51.9802915766739
953;3;51.9802015838733;3.08990280777538;51.8902987760979
954;3.08999280057595;51.9802015838733;3.17989560835133;51.8902987760979
955;3.17998560115191;51.9802015838733;3.26988840892729;51.8902987760979
956;3.26997840172786;51.9802015838733;3.35988120950324;51.8902987760979
957;3.35997120230382;51.9802015838733;3.44987401007919;51.8902987760979
958;3.44996400287977;51.9802015838733;3.53986681065515;51.8902987760979
959;3.53995680345572;51.9802015838733;3.6298596112311;51.8902987760979
960;3.62994960403168;51.9802015838733;3.71985241180706;51.8902987760979
961;3.71994240460763;51.9802015838733;3.80984521238301;51.8902987760979
962;3.80993520518358;51.9802015838733;3.89983801295896;51.8902987760979
963;3.89992800575954;51.9802015838733;3.98983081353492;51.8902987760979
964;3.98992080633549;51.9802015838733;4.07982361411087;51.8902987760979
965;4.07991360691145;51.9802015838733;4.16981641468682;51.8902987760979
966;4.1699064074874;51.9802015838733;4.25980921526278;51.8902987760979
967;4.25989920806335;51.9802015838733;4.34980201583873;51.8902987760979
968;4.34989200863931;51.9802015838733;4.43979481641469;51.8902987760979
969;4.43988480921526;51.9802015838733;4.52978761699064;51.8902987760979
970;4.52987760979122;51.9802015838733;4.61978041756659;51.8902987760979
971;4.61987041036717;51.9802015838733;4.70977321814255;51.8902987760979
972;4.70986321094312;51.9802015838733;4.7997660187185;51.8902987760979
973;4.79985601151908;51.9802015838733;4.88975881929446;51.8902987760979
974;4.88984881209503;51.9802015838733;4.97975161987041;51.8902987760979
975;4.97984161267098;51.9802015838733;5.06974442044636;51.8902987760979
976;5.06983441324694;51.9802015838733;5.15973722102232;51.8902987760979
977;5.15982721382289;51.9802015838733;5.24973002159827;51.8902987760979
978;5.24982001439885;51.9802015838733;5.33972282217422;51.8902987760979
979;5.3398128149748;51.9802015838733;5.42971562275018;51.8902987760979
980;5.42980561555075;51.9802015838733;5.51970842332613;51.8902987760979
981;5.51979841612671;51.9802015838733;5.60970122390209;51.8902987760979
982;5.60979121670266;51.9802015838733;5.69969402447804;51.8902987760979
983;5.69978401727862;51.9802015838733;5.78968682505399;51.8902987760979
984;5.78977681785457;51.9802015838733;5.87967962562995;51.8902987760979
985;5.87976961843052;51.9802015838733;5.9696724262059;51.8902987760979
986;5.96976241900648;51.9802015838733;6.05966522678185;51.8902987760979
987;3;51.8902087832973;3.08990280777538;51.800305975522
988;3.08999280057595;51.8902087832973;3.17989560835133;51.800305975522
989;3.17998560115191;51.8902087832973;3.26988840892729;51.800305975522
990;3.26997840172786;51.8902087832973;3.35988120950324;51.800305975522
991;3.35997120230382;51.8902087832973;3.44987401007919;51.800305975522
992;3.44996400287977;51.8902087832973;3.53986681065515;51.800305975522
993;3.53995680345572;51.8902087832973;3.6298596112311;51.800305975522
994;3.62994960403168;51.8902087832973;3.71985241180706;51.800305975522
995;3.71994240460763;51.8902087832973;3.80984521238301;51.800305975522
996;3.80993520518358;51.8902087832973;3.89983801295896;51.800305975522
997;3.89992800575954;51.8902087832973;3.98983081353492;51.800305975522
998;3.98992080633549;51.8902087832973;4.07982361411087;51.800305975522
999;4.07991360691145;51.8902087832973;4.16981641468682;51.800305975522
1000;4.1699064074874;51.8902087832973;4.25980921526278;51.800305975522
1001;4.25989920806335;51.8902087832973;4.34980201583873;51.800305975522
1002;4.34989200863931;51.8902087832973;4.43979481641469;51.800305975522
1003;4.43988480921526;51.8902087832973;4.52978761699064;51.800305975522
1004;4.52987760979122;51.8902087832973;4.61978041756659;51.800305975522
1005;4.61987041036717;51.8902087832973;4.70977321814255;51.800305975522
1006;4.70986321094312;51.8902087832973;4.7997660187185;51.800305975522
1007;4.79985601151908;51.8902087832973;4.88975881929446;51.800305975522
1008;4.88984881209503;51.8902087832973;4.97975161987041;51.800305975522
1009;4.97984161267098;51.8902087832973;5.06974442044636;51.800305975522
1010;5.06983441324694;51.8902087832973;5.15973722102232;51.800305975522
1011;5.15982721382289;51.8902087832973;5.24973002159827;51.800305975522
1012;5.24982001439885;51.8902087832973;5.33972282217422;51.800305975522
1013;5.3398128149748;51.8902087832973;5.42971562275018;51.800305975522
1014;5.42980561555075;51.8902087832973;5.51970842332613;51.800305975522
1015;5.51979841612671;51.8902087832973;5.60970122390209;51.800305975522
1016;5.60979121670266;51.8902087832973;5.69969402447804;51.800305975522
1017;5.69978401727862;51.8902087832973;5.78968682505399;51.800305975522
1018;5.78977681785457;51.8902087832973;5.87967962562995;51.800305975522
1019;5.87976961843052;51.8902087832973;5.9696724262059;51.800305975522
1020;5.96976241900648;51.8902087832973;6.05966522678185;51.800305975522
1021;3;51.8002159827214;3.08990280777538;51.710313174946
1022;3.08999280057595;51.8002159827214;3.17989560835133;51.710313174946
1023;3.17998560115191;51.8002159827214;3.26988840892729;51.710313174946
1024;3.26997840172786;51.8002159827214;3.35988120950324;51.710313174946
1025;3.35997120230382;51.8002159827214;3.44987401007919;51.710313174946
1026;3.44996400287977;51.8002159827214;3.53986681065515;51.710313174946
1027;3.53995680345572;51.8002159827214;3.6298596112311;51.710313174946
1028;3.62994960403168;51.8002159827214;3.71985241180706;51.710313174946
1029;3.71994240460763;51.8002159827214;3.80984521238301;51.710313174946
1030;3.80993520518358;51.8002159827214;3.89983801295896;51.710313174946
1031;3.89992800575954;51.8002159827214;3.98983081353492;51.710313174946
1032;3.98992080633549;51.8002159827214;4.07982361411087;51.710313174946
1033;4.07991360691145;51.8002159827214;4.16981641468682;51.710313174946
1034;4.1699064074874;51.8002159827214;4.25980921526278;51.710313174946
1035;4.25989920806335;51.8002159827214;4.34980201583873;51.710313174946
1036;4.34989200863931;51.8002159827214;4.43979481641469;51.710313174946
1037;4.43988480921526;51.8002159827214;4.52978761699064;51.710313174946
1038;4.52987760979122;51.8002159827214;4.61978041756659;51.710313174946
1039;4.61987041036717;51.8002159827214;4.70977321814255;51.710313174946
1040;4.70986321094312;51.8002159827214;4.7997660187185;51.710313174946
1041;4.79985601151908;51.8002159827214;4.88975881929446;51.710313174946
1042;4.88984881209503;51.8002159827214;4.97975161987041;51.710313174946
1043;4.97984161267098;51.8002159827214;5.06974442044636;51.710313174946
1044;5.06983441324694;51.8002159827214;5.15973722102232;51.710313174946
1045;5.15982721382289;51.8002159827214;5.24973002159827;51.710313174946
1046;5.24982001439885;51.8002159827214;5.33972282217422;51.710313174946
1047;5.3398128149748;51.8002159827214;5.42971562275018;51.710313174946
1048;5.42980561555075;51.8002159827214;5.51970842332613;51.710313174946
1049;5.51979841612671;51.8002159827214;5.60970122390209;51.710313174946
1050;5.60979121670266;51.8002159827214;5.69969402447804;51.710313174946
1051;5.69978401727862;51.8002159827214;5.78968682505399;51.710313174946
1052;5.78977681785457;51.8002159827214;5.87967962562995;51.710313174946
1053;5.87976961843052;51.8002159827214;5.9696724262059;51.710313174946
1054;5.96976241900648;51.8002159827214;6.05966522678185;51.710313174946
1055;3;51.7102231821454;3.08990280777538;51.6203203743701
1056;3.08999280057595;51.7102231821454;3.17989560835133;51.6203203743701
1057;3.17998560115191;51.7102231821454;3.26988840892729;51.6203203743701
1058;3.26997840172786;51.7102231821454;3.35988120950324;51.6203203743701
1059;3.35997120230382;51.7102231821454;3.44987401007919;51.6203203743701
1060;3.44996400287977;51.7102231821454;3.53986681065515;51.6203203743701
1061;3.53995680345572;51.7102231821454;3.6298596112311;51.6203203743701
1062;3.62994960403168;51.7102231821454;3.71985241180706;51.6203203743701
1063;3.71994240460763;51.7102231821454;3.80984521238301;51.6203203743701
1064;3.80993520518358;51.7102231821454;3.89983801295896;51.6203203743701
1065;3.89992800575954;51.7102231821454;3.98983081353492;51.6203203743701
1066;3.98992080633549;51.7102231821454;4.07982361411087;51.6203203743701
1067;4.07991360691145;51.7102231821454;4.16981641468682;51.6203203743701
1068;4.1699064074874;51.7102231821454;4.25980921526278;51.6203203743701
1069;4.25989920806335;51.7102231821454;4.34980201583873;51.6203203743701
1070;4.34989200863931;51.7102231821454;4.43979481641469;51.6203203743701
1071;4.43988480921526;51.7102231821454;4.52978761699064;51.6203203743701
1072;4.52987760979122;51.7102231821454;4.61978041756659;51.6203203743701
1073;4.61987041036717;51.7102231821454;4.70977321814255;51.6203203743701
1074;4.70986321094312;51.7102231821454;4.7997660187185;51.6203203743701
1075;4.79985601151908;51.7102231821454;4.88975881929446;51.6203203743701
1076;4.88984881209503;51.7102231821454;4.97975161987041;51.6203203743701
1077;4.97984161267098;51.7102231821454;5.06974442044636;51.6203203743701
1078;5.06983441324694;51.7102231821454;5.15973722102232;51.6203203743701
1079;5.15982721382289;51.7102231821454;5.24973002159827;51.6203203743701
1080;5.24982001439885;51.7102231821454;5.33972282217422;51.6203203743701
1081;5.3398128149748;51.7102231821454;5.42971562275018;51.6203203743701
1082;5.42980561555075;51.7102231821454;5.51970842332613;51.6203203743701
1083;5.51979841612671;51.7102231821454;5.60970122390209;51.6203203743701
1084;5.60979121670266;51.7102231821454;5.69969402447804;51.6203203743701
1085;5.69978401727862;51.7102231821454;5.78968682505399;51.6203203743701
1086;5.78977681785457;51.7102231821454;5.87967962562995;51.6203203743701
1087;5.87976961843052;51.7102231821454;5.9696724262059;51.6203203743701
1088;5.96976241900648;51.7102231821454;6.05966522678185;51.6203203743701
1089;3;51.6202303815695;3.08990280777538;51.5303275737941
1090;3.08999280057595;51.6202303815695;3.17989560835133;51.5303275737941
1091;3.17998560115191;51.6202303815695;3.26988840892729;51.5303275737941
1092;3.26997840172786;51.6202303815695;3.35988120950324;51.5303275737941
1093;3.35997120230382;51.6202303815695;3.44987401007919;51.5303275737941
1094;3.44996400287977;51.6202303815695;3.53986681065515;51.5303275737941
1095;3.53995680345572;51.6202303815695;3.6298596112311;51.5303275737941
1096;3.62994960403168;51.6202303815695;3.71985241180706;51.5303275737941
1097;3.71994240460763;51.6202303815695;3.80984521238301;51.5303275737941
1098;3.80993520518358;51.6202303815695;3.89983801295896;51.5303275737941
1099;3.89992800575954;51.6202303815695;3.98983081353492;51.5303275737941
1100;3.98992080633549;51.6202303815695;4.07982361411087;51.5303275737941
1101;4.07991360691145;51.6202303815695;4.16981641468682;51.5303275737941
1102;4.1699064074874;51.6202303815695;4.25980921526278;51.5303275737941
1103;4.25989920806335;51.6202303815695;4.34980201583873;51.5303275737941
1104;4.34989200863931;51.6202303815695;4.43979481641469;51.5303275737941
1105;4.43988480921526;51.6202303815695;4.52978761699064;51.5303275737941
1106;4.52987760979122;51.6202303815695;4.61978041756659;51.5303275737941
1107;4.61987041036717;51.6202303815695;4.70977321814255;51.5303275737941
1108;4.70986321094312;51.6202303815695;4.7997660187185;51.5303275737941
1109;4.79985601151908;51.6202303815695;4.88975881929446;51.5303275737941
1110;4.88984881209503;51.6202303815695;4.97975161987041;51.5303275737941
1111;4.97984161267098;51.6202303815695;5.06974442044636;51.5303275737941
1112;5.06983441324694;51.6202303815695;5.15973722102232;51.5303275737941
1113;5.15982721382289;51.6202303815695;5.24973002159827;51.5303275737941
1114;5.24982001439885;51.6202303815695;5.33972282217422;51.5303275737941
1115;5.3398128149748;51.6202303815695;5.42971562275018;51.5303275737941
1116;5.42980561555075;51.6202303815695;5.51970842332613;51.5303275737941
1117;5.51979841612671;51.6202303815695;5.60970122390209;51.5303275737941
1118;5.60979121670266;51.6202303815695;5.69969402447804;51.5303275737941
1119;5.69978401727862;51.6202303815695;5.78968682505399;51.5303275737941
1120;5.78977681785457;51.6202303815695;5.87967962562995;51.5303275737941
1121;5.87976961843052;51.6202303815695;5.9696724262059;51.5303275737941
1122;5.96976241900648;51.6202303815695;6.05966522678185;51.5303275737941
1123;3;51.5302375809935;3.08990280777538;51.4403347732181
1124;3.08999280057595;51.5302375809935;3.17989560835133;51.4403347732181
1125;3.17998560115191;51.5302375809935;3.26988840892729;51.4403347732181
1126;3.26997840172786;51.5302375809935;3.35988120950324;51.4403347732181
1127;3.35997120230382;51.5302375809935;3.44987401007919;51.4403347732181
1128;3.44996400287977;51.5302375809935;3.53986681065515;51.4403347732181
1129;3.53995680345572;51.5302375809935;3.6298596112311;51.4403347732181
1130;3.62994960403168;51.5302375809935;3.71985241180706;51.4403347732181
1131;3.71994240460763;51.5302375809935;3.80984521238301;51.4403347732181
1132;3.80993520518358;51.5302375809935;3.89983801295896;51.4403347732181
1133;3.89992800575954;51.5302375809935;3.98983081353492;51.4403347732181
1134;3.98992080633549;51.5302375809935;4.07982361411087;51.4403347732181
1135;4.07991360691145;51.5302375809935;4.16981641468682;51.4403347732181
1136;4.1699064074874;51.5302375809935;4.25980921526278;51.4403347732181
1137;4.25989920806335;51.5302375809935;4.34980201583873;51.4403347732181
1138;4.34989200863931;51.5302375809935;4.43979481641469;51.4403347732181
1139;4.43988480921526;51.5302375809935;4.52978761699064;51.4403347732181
1140;4.52987760979122;51.5302375809935;4.61978041756659;51.4403347732181
1141;4.61987041036717;51.5302375809935;4.70977321814255;51.4403347732181
1142;4.70986321094312;51.5302375809935;4.7997660187185;51.4403347732181
1143;4.79985601151908;51.5302375809935;4.88975881929446;51.4403347732181
1144;4.88984881209503;51.5302375809935;4.97975161987041;51.4403347732181
1145;4.97984161267098;51.5302375809935;5.06974442044636;51.4403347732181
1146;5.06983441324694;51.5302375809935;5.15973722102232;51.4403347732181
1147;5.15982721382289;51.5302375809935;5.24973002159827;51.4403347732181
1148;5.24982001439885;51.5302375809935;5.33972282217422;51.4403347732181
1149;5.3398128149748;51.5302375809935;5.42971562275018;51.4403347732181
1150;5.42980561555075;51.5302375809935;5.51970842332613;51.4403347732181
1151;5.51979841612671;51.5302375809935;5.60970122390209;51.4403347732181
1152;5.60979121670266;51.5302375809935;5.69969402447804;51.4403347732181
1153;5.69978401727862;51.5302375809935;5.78968682505399;51.4403347732181
1154;5.78977681785457;51.5302375809935;5.87967962562995;51.4403347732181
1155;5.87976961843052;51.5302375809935;5.9696724262059;51.4403347732181
1156;5.96976241900648;51.5302375809935;6.05966522678185;51.4403347732181
